name,protospacer_sequence,Editor (ABE or CBE),Guide_orientation_relative_to_amplicon,amplicon,note,tolerated sequences,tolerated positions,intended edit
PAH1,TCACAGTTCGGGGGTATACA,ABE,F,CCTTTTTTTAGATGGCGCTCATTGTGCCTGGCAACTGGTAGCTGGAGGACAGTACTCACAGTTCGGGGGTATACATGGGCTTGGATCCATGTCTGATGTACTGTGTGCAGCAAGACCTCAATCCTTTGGGTGTATGGGTCG,P281L,TCACGGTTCGGGGGTATACA&TCACGGTTCGGGGGTGTACA,16,5
PAH4,GGCCAAGGTATTGTGGCAGC,ABE,F,CCTCAATCCTTTGGGTGTATGGGTCGTAGCGAACTGAGAAGGGCCaAGGTATTGTGGCAGCAAAGTTCCTaagaccaaaaccacaggcttgagtgaGCAAAGACTGAGTCCCTCCAAATACTGCTGC,R408W,GGCCGAGGTATTGTGGCAGC&GGCCGGGGTATTGTGGCAGC&GGCCGAGGTATTGTGGCGGC&GGCCGGGGTATTGTGGCGGC,6 7,5
R369H,TTGCTTCTATTGCAGTAtGG,ABE,R,GACTGAGTCCCTCCAAATACTGCTGCCATTGCTTCTATTGCAGTAtGGACAATATTATTGTAGGGATCctaaaatatttgataaaaaacaaaaactCAAACACTTCTCAATATCATCAAGCACCTGAACGGCAGCC,guide3, ,,3
R727,TCaAGTCCCAGGACCAAATA,ABE,F,CAAGCACCTGAACGGCAGCCTTTGGAATTCaAGTCCCAGGACCAAATACATTGGAAACACCAACTTCAAACAGAAATTCATTCGGGCCTCCTCTGGGAGCTCATTAGGACCATGGTGGATCGGGCA,guide3,,,3
466S,GAGGCatgagtcctacaggg,ABE,F,CGGGCCTCCTCTGGGAGCTCATTAGGACCATGGTGGATCGGGCAGAGGCATGAGTCCTACAGGGACACCCAGGGGGCAGACAGAGGTGTGATGGAAGCCTGAGAAACCTGCCTCAGCGCCATCTTCC,guide6,,,6
R186W,AGCCaCTCAGAGTCTCGGGT,ABE,R,ATGGCCGAGACCAAGtgcccctggcttcccacagCCACGCCGTGGCACTGACCCGAGACTCTGAGtGGCTGCTGGAGGTGCGGAAGCGGATCAATGTCCTGCCCCTGGGGAGgtggACACT,guide5,,,5
Q354X,cttgcCTaCAGCGTAGAGAT,ABE,R,CCCCTGGGGAGgtggACACTATGAGTGCCGTGCTCCAGGTGGCCACTGGCGTCATCTCTACGCTGtAGgcaagacatcacccccctgcttctcctcccctaggtcccaggcactggTCAGTCCCCTGA,guide8,,,8
R385C,GGCCTGGCaGAATGGCATct,ABE,R,agggggcagacagaggtgtgatggaagcctgagaaacctgcctcagcgccatcttcctccctggcacccagATGCCATTCtGCCAGGCCCACGAGGCCTCCGGGAAAGCTGTGTTCATGGCCGAGACCAAGtgcccctggcttccca,guide9,,,9
PCSK9,CCCGCACCTTGGCGCAGCGG,ABE,R,GTGCTAGCCTTGCGTTCCgaggaggacggcctggccgaagcacccgagcacggaaccacagccaccttccaccgctgcgccaaggtgcgggtgtagggatgggaggccggggcgaacccgcagccgggacggtgcggtgctgtttcctctcgggcctcagtttccccccatgtaagaGAGGAAGTGGAGTGCAGGTC,position6,CCGCTGCGCCAAGGCGCGGG,none,6
P281L,TCACAGTTCGGGGGTATACA,ABE,F,CCTTTTTTTAGATGGCGCTCATTGTGCCTGGCAACTGGTAGCTGGAGGACAGTACTCACAGTTCGGGGGTATACATGGGCTTGGATCCATGTCTGATGTACTGTGTGCAGCAAGACCTCAATCCTTTGGGTGTATGGGTCG,PAH1 Position 5,TCACGGTTCGGGGGTATACA&TCACGGTTCGGGGGTGTACA,16,5
R408W,GGCCAAGGTATTGTGGCAGC,ABE,F,CCTCAATCCTTTGGGTGTATGGGTCGTAGCGAACTGAGAAGGGCCaAGGTATTGTGGCAGCAAAGTTCCTaagaccaaaaccacaggcttgagtgaGCAAAGACTGAGTCCCTCCAAATACTGCTGC,PAH4 Position 5,GGCCGAGGTATTGTGGCAGC&GGCCGGGGTATTGTGGCAGC&GGCCGAGGTATTGTGGCGGC&GGCCGGGGTATTGTGGCGGC,6 7,5
R158Q,TGCAAGACaGAAGCAGTTTG,ABE,R,gaccaaaaccacaggcttgagtgacaaggcagacttacTGGCGGTAGTTGTAGGCAATGTCAGCAAACTGCTTCTGTCTTGCACGGTACACAGGATCTTTAAAACCttaggagaaaagagacacctgatttttcaaggcttcataggaaga,guide9,CAAACTGCTTCCGTCTTGCA&CAAACTGCTTCCGCCTTGCA&CAAACTGCTTCCGCCTCGCA&CAAACTGCTTCCGTCTCGCA,7 4,9
422GA,ttctcctaaGGTTTTAAAGA,ABE,R,gaccaaaaccacaggcttgagtgacaaggcagacttacTGGCGGTAGTTGTAGGCAATGTCAGCAAACTGCTTCTGTCTTGCACGGTACACAGGATCTTTAAAACCttaggagaaaagagacacctgatttttcaaggcttcataggaagaggtc,same amplicon as R158Q,,18,9
R176stop,TTCCACTCAAGGGATGGGCT,ABE,F,TCACAGCAAGCATGGGTTTTATACAAGGACTTCAGAGTCTTGAACACTGTGCCCCATGTTTTCTTTTCTTCCTCCATGTATTCCACTCAAGGGATGGGCTGCCCActagaatacaggcacaaaataggtgtctcaagcattatgttgcaaa,guide9,,10,9
R111Stop,CTTATCTCATGAAAGCTCAT,ABE,F,ggtgtctcaagcattatgttgcaaaattcctctaattcttacCTGTGTCTTTCTTCTTATCTCATGAAAGCTCATGGACAGTGGCACCAATGTCATGCCTCAAGATCTTGATGAaggggagtg,guide9,,4 14 19,9